{"means": [1.5467721897575115, 1.2147425574011872, 10.219297841991441, 10.415497170201997, 1203.2679795702388, 1203.5174619242625, 0.36178071924112654, 0.3153195699106818, -0.44717015282500205, -0.04976645455585506, -0.0023537085759936746, -0.5880992802616946, -0.5419235157950769, 0.24600636377361215, 0.0013780500402577052, -0.003060532343289738], "stds": [1.3113990443801018, 1.1659125076733259, 5.672996879455051, 5.681738673414066, 2754.9076250084136, 2755.427962738162, 3.869117781757006, 4.009976774006694, 3.737804570933658, 3.7164512065852096, 0.10445376582923818, 3.452866559411467, 3.56782664446445, 3.875710269842296, 3.793303488858567, 0.1052354197090097]}